date,site,status
2026-09-25 13:00,https://kerryclements.com,200
2026-09-25 13:00,https://jewishjourney.kerryclements.com,200
2026-09-25 13:01,https://kerryclements.com,200
2026-09-25 13:01,https://jewishjourney.kerryclements.com,200
2026-09-25 13:12,https://kerryclements.com,200
2026-09-25 13:12,https://jewishjourney.kerryclements.com,200
2026-09-25 13:12,https://jj.kerryclements.com,200
2026-09-25 13:12,https://periodictable.kerryclements.com,200
2026-09-25 13:12,https://jobsdone.kerryclements.com,200
2026-09-25 13:12,https://store.kerryclements.com,403
2026-09-25 13:12,https://cryptotracker.kerryclements.com,200
2026-09-25 13:12,https://measureformeasure.kerryclements.com,200
2026-09-25 13:33,https://kerryclements.com,200
2026-09-25 13:33,https://jewishjourney.kerryclements.com,200
2026-09-25 13:33,https://jj.kerryclements.com,200
2026-09-25 13:33,https://periodictable.kerryclements.com,200
2026-09-25 13:33,https://jobsdone.kerryclements.com,200
2026-09-25 13:33,https://cryptotracker.kerryclements.com,200
2026-09-25 13:33,https://measureformeasure.kerryclements.com,200
2026-09-25 13:33,https://store.kerryclements.com,302
2026-09-25 13:42,https://kerryclements.com,200
2026-09-25 13:42,https://jewishjourney.kerryclements.com,200
2026-09-25 13:42,https://jj.kerryclements.com,200
2026-09-25 13:42,https://periodictable.kerryclements.com,200
2026-09-25 13:42,https://jobsdone.kerryclements.com,200
2026-09-25 13:42,https://cryptotracker.kerryclements.com,200
2026-09-25 13:42,https://measureformeasure.kerryclements.com,200
2026-09-25 13:42,https://store.kerryclements.com,302
2026-09-25 14:10,https://kerryclements.com,200
2026-09-25 14:10,https://jewishjourney.kerryclements.com,200
2026-09-25 14:10,https://periodictable.kerryclements.com,200
2026-09-25 14:10,https://jobsdone.kerryclements.com,200
2026-09-25 14:10,https://cryptotracker.kerryclements.com,200
2026-09-25 14:10,https://measureformeasure.kerryclements.com,200
2026-09-25 14:10,https://store.kerryclements.com,302
2026-09-25 14:10,https://jj.kerryclements.com,301
2026-09-25 14:10,https://berakhot.kerryclements.com,301
2026-09-25 14:10,https://tefillot.kerryclements.com,301
2026-09-25 14:10,https://jewishlearning.kerryclements.com,301
2026-09-25 14:10,https://jewishjourneykc.netlify.app,200
2026-09-25 14:17,https://kerryclements.com,200
2026-09-25 14:17,https://jewishjourney.kerryclements.com,200
2026-09-25 14:17,https://periodictable.kerryclements.com,200
2026-09-25 14:17,https://jobsdone.kerryclements.com,200
2026-09-25 14:17,https://cryptotracker.kerryclements.com,200
2026-09-25 14:17,https://measureformeasure.kerryclements.com,200
2026-09-25 14:17,https://store.kerryclements.com,302
2026-09-25 14:17,https://jj.kerryclements.com,301
2026-09-25 14:17,https://berakhot.kerryclements.com,301
2026-09-25 14:17,https://tefillot.kerryclements.com,301
2026-09-25 14:17,https://jewishlearning.kerryclements.com,301
2026-09-25 14:17,https://jewishjourneykc.netlify.app,301
2026-09-26 12:00,https://kerryclements.com,200
2026-09-26 12:00,https://jewishjourney.kerryclements.com,200
2026-09-26 12:00,https://periodictable.kerryclements.com,200
2026-09-26 12:00,https://jobsdone.kerryclements.com,200
2026-09-26 12:00,https://cryptotracker.kerryclements.com,200
2026-09-26 12:00,https://measureformeasure.kerryclements.com,200
2026-09-26 12:01,https://store.kerryclements.com,302
2026-09-26 12:01,https://jj.kerryclements.com,301
2026-09-26 12:01,https://berakhot.kerryclements.com,301
2026-09-26 12:01,https://tefillot.kerryclements.com,301
2026-09-26 12:01,https://jewishlearning.kerryclements.com,301
2026-09-26 12:01,https://jewishjourneykc.netlify.app,301
2026-09-27 12:39,https://kerryclements.com,200
2026-09-27 12:39,https://jewishjourney.kerryclements.com,200
2026-09-27 12:39,https://periodictable.kerryclements.com,200
2026-09-27 12:39,https://jobsdone.kerryclements.com,200
2026-09-27 12:39,https://cryptotracker.kerryclements.com,200
2026-09-27 12:39,https://measureformeasure.kerryclements.com,200
2026-09-27 12:39,https://store.kerryclements.com,302
2026-09-27 12:39,https://jj.kerryclements.com,301
2026-09-27 12:39,https://berakhot.kerryclements.com,301
2026-09-27 12:39,https://tefillot.kerryclements.com,301
2026-09-27 12:39,https://jewishlearning.kerryclements.com,301
2026-09-27 12:39,https://jewishjourneykc.netlify.app,301
2026-09-28 14:52,https://kerryclements.com,200
2026-09-28 14:52,https://jewishjourney.kerryclements.com,200
2026-09-28 14:52,https://periodictable.kerryclements.com,200
2026-09-28 14:52,https://jobsdone.kerryclements.com,200
2026-09-28 14:52,https://cryptotracker.kerryclements.com,200
2026-09-28 14:52,https://measureformeasure.kerryclements.com,200
2026-09-28 14:53,https://store.kerryclements.com,302
2026-09-28 14:53,https://jj.kerryclements.com,301
2026-09-28 14:53,https://berakhot.kerryclements.com,301
2026-09-28 14:53,https://tefillot.kerryclements.com,301
2026-09-28 14:53,https://jewishlearning.kerryclements.com,301
2026-09-28 14:53,https://jewishjourneykc.netlify.app,301
2026-09-29 13:41,https://kerryclements.com,200
2026-09-29 13:41,https://jewishjourney.kerryclements.com,200
2026-09-29 13:41,https://periodictable.kerryclements.com,200
2026-09-29 13:41,https://jobsdone.kerryclements.com,200
2026-09-29 13:41,https://cryptotracker.kerryclements.com,200
2026-09-29 13:41,https://measureformeasure.kerryclements.com,200
2026-09-29 13:41,https://store.kerryclements.com,302
2026-09-29 13:41,https://jj.kerryclements.com,301
2026-09-29 13:41,https://berakhot.kerryclements.com,301
2026-09-29 13:41,https://tefillot.kerryclements.com,301
2026-09-29 13:41,https://jewishlearning.kerryclements.com,301
2026-09-29 13:41,https://jewishjourneykc.netlify.app,301
2026-09-30 13:16,https://kerryclements.com,200
2026-09-30 13:16,https://jewishjourney.kerryclements.com,200
2026-09-30 13:16,https://periodictable.kerryclements.com,200
2026-09-30 13:16,https://jobsdone.kerryclements.com,200
2026-09-30 13:16,https://cryptotracker.kerryclements.com,200
2026-09-30 13:16,https://measureformeasure.kerryclements.com,200
2026-09-30 13:16,https://store.kerryclements.com,302
2026-09-30 13:16,https://jj.kerryclements.com,301
2026-09-30 13:16,https://berakhot.kerryclements.com,301
2026-09-30 13:16,https://tefillot.kerryclements.com,301
2026-09-30 13:16,https://jewishlearning.kerryclements.com,301
2026-09-30 13:16,https://jewishjourneykc.netlify.app,301
2026-10-01 14:07,https://kerryclements.com,200
2026-10-01 14:07,https://jewishjourney.kerryclements.com,200
2026-10-01 14:07,https://periodictable.kerryclements.com,200
2026-10-01 14:07,https://jobsdone.kerryclements.com,200
2026-10-01 14:07,https://cryptotracker.kerryclements.com,200
2026-10-01 14:07,https://measureformeasure.kerryclements.com,200
2026-10-01 14:07,https://store.kerryclements.com,302
2026-10-01 14:07,https://jj.kerryclements.com,301
2026-10-01 14:07,https://berakhot.kerryclements.com,301
2026-10-01 14:07,https://tefillot.kerryclements.com,301
2026-10-01 14:07,https://jewishlearning.kerryclements.com,301
2026-10-01 14:07,https://jewishjourneykc.netlify.app,301
2026-10-02 13:29,https://kerryclements.com,200
2026-10-02 13:29,https://jewishjourney.kerryclements.com,200
2026-10-02 13:29,https://periodictable.kerryclements.com,200
2026-10-02 13:29,https://jobsdone.kerryclements.com,200
2026-10-02 13:29,https://cryptotracker.kerryclements.com,200
2026-10-02 13:29,https://measureformeasure.kerryclements.com,200
2026-10-02 13:29,https://store.kerryclements.com,302
2026-10-02 13:29,https://jj.kerryclements.com,301
2026-10-02 13:29,https://berakhot.kerryclements.com,301
2026-10-02 13:29,https://tefillot.kerryclements.com,301
2026-10-02 13:29,https://jewishlearning.kerryclements.com,301
2026-10-02 13:29,https://jewishjourneykc.netlify.app,301
2026-10-03 12:11,https://kerryclements.com,200
2026-10-03 12:11,https://jewishjourney.kerryclements.com,200
2026-10-03 12:11,https://periodictable.kerryclements.com,200
2026-10-03 12:11,https://jobsdone.kerryclements.com,200
2026-10-03 12:11,https://cryptotracker.kerryclements.com,200
2026-10-03 12:11,https://measureformeasure.kerryclements.com,200
2026-10-03 12:11,https://store.kerryclements.com,302
2026-10-03 12:11,https://jj.kerryclements.com,301
2026-10-03 12:11,https://berakhot.kerryclements.com,301
2026-10-03 12:11,https://tefillot.kerryclements.com,301
2026-10-03 12:11,https://jewishlearning.kerryclements.com,301
2026-10-03 12:11,https://jewishjourneykc.netlify.app,301
2026-10-04 13:01,https://kerryclements.com,200
2026-10-04 13:01,https://jewishjourney.kerryclements.com,200
2026-10-04 13:01,https://periodictable.kerryclements.com,200
2026-10-04 13:01,https://jobsdone.kerryclements.com,200
2026-10-04 13:01,https://cryptotracker.kerryclements.com,200
2026-10-04 13:01,https://measureformeasure.kerryclements.com,200
2026-10-04 13:01,https://store.kerryclements.com,302
2026-10-04 13:01,https://jj.kerryclements.com,301
2026-10-04 13:01,https://berakhot.kerryclements.com,301
2026-10-04 13:01,https://tefillot.kerryclements.com,301
2026-10-04 13:01,https://jewishlearning.kerryclements.com,301
2026-10-04 13:01,https://jewishjourneykc.netlify.app,301
2026-10-05 15:29,https://kerryclements.com,200
2026-10-05 15:29,https://jewishjourney.kerryclements.com,200
2026-10-05 15:29,https://periodictable.kerryclements.com,200
2026-10-05 15:29,https://jobsdone.kerryclements.com,200
2026-10-05 15:29,https://cryptotracker.kerryclements.com,200
2026-10-05 15:29,https://measureformeasure.kerryclements.com,200
2026-10-05 15:29,https://store.kerryclements.com,302
2026-10-05 15:29,https://jj.kerryclements.com,301
2026-10-05 15:29,https://berakhot.kerryclements.com,301
2026-10-05 15:29,https://tefillot.kerryclements.com,301
2026-10-05 15:29,https://jewishlearning.kerryclements.com,301
2026-10-05 15:29,https://jewishjourneykc.netlify.app,301
2026-10-06 13:51,https://kerryclements.com,200
2026-10-06 13:51,https://jewishjourney.kerryclements.com,200
2026-10-06 13:51,https://periodictable.kerryclements.com,200
2026-10-06 13:51,https://jobsdone.kerryclements.com,200
2026-10-06 13:51,https://cryptotracker.kerryclements.com,200
2026-10-06 13:51,https://measureformeasure.kerryclements.com,200
2026-10-06 13:51,https://store.kerryclements.com,302
2026-10-06 13:51,https://jj.kerryclements.com,301
2026-10-06 13:51,https://berakhot.kerryclements.com,301
2026-10-06 13:51,https://tefillot.kerryclements.com,301
2026-10-06 13:51,https://jewishlearning.kerryclements.com,301
2026-10-06 13:51,https://jewishjourneykc.netlify.app,301
2026-10-07 14:09,https://kerryclements.com,200
2026-10-07 14:09,https://jewishjourney.kerryclements.com,200
2026-10-07 14:09,https://periodictable.kerryclements.com,200
2026-10-07 14:09,https://jobsdone.kerryclements.com,200
2026-10-07 14:09,https://cryptotracker.kerryclements.com,200
2026-10-07 14:09,https://measureformeasure.kerryclements.com,200
2026-10-07 14:09,https://store.kerryclements.com,302
2026-10-07 14:09,https://jj.kerryclements.com,301
2026-10-07 14:09,https://berakhot.kerryclements.com,301
2026-10-07 14:09,https://tefillot.kerryclements.com,301
2026-10-07 14:09,https://jewishlearning.kerryclements.com,301
2026-10-07 14:09,https://jewishjourneykc.netlify.app,301
