date,site,performance,accessibility,best_practices,seo
2026-09-25,https://kerryclements.com/,76,100,100,92
2026-09-25,https://jewishjourney.kerryclements.com/,98,95,100,82
2026-09-25,https://periodictable.kerryclements.com/,100,100,100,90
2026-09-25,https://jobsdone.kerryclements.com/,100,91,100,90
2026-09-25,https://cryptotracker.kerryclements.com/,87,96,100,82
2026-09-25,https://measureformeasure.kerryclements.com/,97,93,100,90
2026-09-28,https://kerryclements.com/,74,100,100,100
2026-09-28,https://jewishjourney.kerryclements.com/,97,95,100,82
2026-09-28,https://periodictable.kerryclements.com/,100,100,100,90
2026-09-28,https://jobsdone.kerryclements.com/,100,91,100,90
2026-09-28,https://cryptotracker.kerryclements.com/,85,96,100,82
2026-09-28,https://measureformeasure.kerryclements.com/,97,93,100,90
